Noise,SNRdB,Class,NumberOfSpeakers,MeanGainMean,MeanGainSD,GainBelow1kMean,GainBelow1kSD,Gain1to4kMean,Gain1to4kSD,Gain4to8kMean,Gain4to8kSD,SpeechRetentiondBMean,SpeechRetentiondBSD,HighFrequencyRetentiondBMean,HighFrequencyRetentiondBSD,ResidualNoiseRatiodBMean,ResidualNoiseRatiodBSD,MixtureLSDdBMean,MixtureLSDdBSD,SpeechLSDdBMean,SpeechLSDdBSD,DeltaErrorSNRdBMean,DeltaErrorSNRdBSD
DKITCHEN,-5,fricatives,10,0.36734489850153,0.0885076024403288,0.679811079584555,0.0997457808675244,0.376009405157968,0.103577118287743,0.283385902891647,0.122677271838978,-1.98177055786781,1.14505898580973,-8.75339624654181,4.33962292642395,-12.2197389937154,2.18731977688879,7.98917527125171,1.60862410110493,4.32788214070933,1.15164208632985,11.4804563060275,2.02443948801686
DKITCHEN,-5,nasals_approximants,10,0.326991199755441,0.0612310814542023,0.749146297515606,0.110412202109324,0.373143304095337,0.0924999885820869,0.187924803282921,0.0618743641432378,-0.325990611536378,0.263154173459705,-11.9250885710246,3.10993330641267,-12.9463205627722,2.56574248145328,7.13544135343174,1.398988598235,3.13041247921329,0.629918845721948,12.4714927973887,2.49345729233481
DKITCHEN,-5,silence,10,0.209842171791277,0.0697714212026106,0.415915381319948,0.0922877650740484,0.196445936479761,0.0666847703614408,0.168692527488857,0.0837482111156012,NaN,NaN,NaN,NaN,-12.29356119942,2.38427946811464,NaN,NaN,NaN,NaN,NaN,NaN
DKITCHEN,-5,stops_affricates,10,0.339815712782333,0.0662752766902689,0.719425689753653,0.101367497869288,0.374932345383403,0.0868832657031857,0.219515588807258,0.0910051082671214,-1.41728389742364,0.504747981752288,-10.812467360578,2.9355224645049,-12.0190513253566,2.60520940425641,7.93003371812181,1.55978148991382,3.12807769446226,0.847538849893816,11.5273038830988,2.57481915083351
DKITCHEN,-5,vowels,10,0.356503517800367,0.0609268216026664,0.759940797680613,0.097940378868342,0.416986333256973,0.0847910046824409,0.211415585707328,0.0814809275445924,-0.230920047217169,0.125326469078582,-10.4056154253736,3.76096719250468,-12.2060647158257,2.09903015899497,7.32240889561218,1.36674248560033,4.19954171697672,0.874214968505117,11.5612525452508,1.91232646194105
DKITCHEN,0,fricatives,10,0.461844743192296,0.121585571894397,0.754971813289139,0.0881780429827887,0.498362482594688,0.129091671734151,0.361955059271921,0.170847441027485,-1.33519333436474,1.03466391995192,-7.19813404965617,4.50885508882806,-11.6923080805475,2.07291289335955,6.07524691822907,1.27765396109858,3.25696785640977,0.650200739639421,10.7893863492455,1.82989537008273
DKITCHEN,0,nasals_approximants,10,0.400287494236589,0.0834299367685301,0.811398018254567,0.094268152247792,0.488820745617097,0.118086111382562,0.232421378724155,0.0903264102988203,-0.168525520856494,0.172726673627294,-9.7774884829972,3.4724684213062,-12.4807450004033,2.4864938795304,5.44300044830158,1.2178546993006,2.39291660669397,0.443643130009048,11.9337281534024,2.3493675702248
DKITCHEN,0,silence,10,0.234758288740311,0.0830040080231368,0.481608416502811,0.101514258492901,0.226714358478535,0.0766121213695129,0.17951032918008,0.103324099499509,NaN,NaN,NaN,NaN,-12.1403567442587,2.3973077446288,NaN,NaN,NaN,NaN,NaN,NaN
DKITCHEN,0,stops_affricates,10,0.421077394131149,0.092204284422884,0.791843342095918,0.0900895371755871,0.499168072069197,0.123821359991925,0.270990452914675,0.119796644262143,-0.887145212881248,0.411088123632783,-8.8055935314142,3.01776883062941,-11.5658787994,2.51665390245119,6.06369485714923,1.35149464226135,2.39060950990291,0.536504931560766,10.9226613700155,2.48562806565584
DKITCHEN,0,vowels,10,0.438730752494156,0.0824821779181421,0.821994163573702,0.0819123991176925,0.546669588036637,0.10685899662504,0.263331082985444,0.111053025130071,-0.118418877827942,0.0794197681200841,-8.26808738695484,4.04435872257674,-11.7122022766758,1.98086833894771,5.52690540834842,1.15134682696571,3.12084441160836,0.52926655387382,10.9687673084243,1.74514746360069
DKITCHEN,5,fricatives,10,0.563456476032838,0.14376846740752,0.812748975859733,0.0754986758354965,0.629286093287472,0.136023249938768,0.452626993467679,0.207610486071702,-0.89366190592992,0.893440641101935,-5.69538052601473,4.20344743009695,-11.1257942304207,1.90986695318108,4.41092862483198,0.940633072515292,2.32596284851935,0.367999525491901,10.0382171215614,1.74107283612977
DKITCHEN,5,nasals_approximants,10,0.489817095784101,0.104019537546905,0.857957038686799,0.0755240548978953,0.620559322287681,0.127487825435239,0.301199018906348,0.124654116200078,-0.0925336674921543,0.122419924473807,-7.45488640721978,3.58215135239513,-11.9521864559365,2.3605043382786,3.94717217532478,0.975236954552151,1.78198546618954,0.324236101569971,11.219464958561,2.19572665276278
DKITCHEN,5,silence,10,0.266822092781606,0.094752873440783,0.554262608860491,0.107206397585146,0.273000927120671,0.0866760775738753,0.19092081672676,0.121218032816266,NaN,NaN,NaN,NaN,-11.917366804871,2.39237313060305,NaN,NaN,NaN,NaN,NaN,NaN
DKITCHEN,5,stops_affricates,10,0.512820251905081,0.116296624794056,0.846631022155176,0.0740627647764031,0.632103272487981,0.145101504577873,0.341245719936387,0.150801096425759,-0.562191157271737,0.34059686023092,-6.55928028270785,2.76956430995503,-11.0602717360757,2.3977220427162,4.37012238009761,1.07016340709826,1.77493861620779,0.337015754538973,10.2050832993697,2.42341295516208
DKITCHEN,5,vowels,10,0.532671376727981,0.102496415633755,0.867842124661622,0.0630918891388105,0.682505533245081,0.111563381104973,0.338023756886755,0.143771031785947,-0.0650600757709948,0.0609884297361024,-6.03672809287482,3.83546317699743,-11.1676233364387,1.83651931094677,3.98617352299172,0.891410132782031,2.218029343319,0.331585187152179,10.2651478807223,1.62347083205499
DKITCHEN,10,fricatives,10,0.662243211873524,0.143091593521007,0.857986844313816,0.0595635599197962,0.748737670721406,0.116097413981883,0.549318682513167,0.215385958871686,-0.573404628277624,0.680584562305635,-4.21488847345576,3.41652522146085,-10.5306068362592,1.71003790113449,3.05630635766881,0.602873145023897,1.58894194041052,0.27069478777096,9.22515776262211,1.90808838151398
DKITCHEN,10,nasals_approximants,10,0.587766215745746,0.116362042620761,0.892301735738228,0.0579869158577651,0.745427101712981,0.116152554501944,0.394893489446413,0.154547636820983,-0.0563092852853654,0.0936879305505352,-5.1519184730089,3.13888088172036,-11.3651022140126,2.21124419680384,2.69495616724348,0.651527989537314,1.32732756632513,0.287561341593681,10.3517318958677,2.09292198294515
DKITCHEN,10,silence,10,0.308636796647071,0.104688811749276,0.633358955645902,0.108771381852646,0.338396163959325,0.0986663650754144,0.205939057500254,0.136955605410325,NaN,NaN,NaN,NaN,-11.6197553308744,2.39080469054642,NaN,NaN,NaN,NaN,NaN,NaN
DKITCHEN,10,stops_affricates,10,0.608056000590681,0.127421844767452,0.886856857572767,0.054026152387348,0.754086039796351,0.137968710915622,0.430222580535092,0.172843381791134,-0.364022243607714,0.286057550799686,-4.51086502584108,2.30162158563793,-10.4795234466976,2.25217816408913,2.9799777904568,0.693837149930075,1.31097941157376,0.248300733661358,9.38799605666778,2.49908775367581
DKITCHEN,10,vowels,10,0.629609287334359,0.111945300933055,0.901444776001236,0.0444231494338146,0.801407579905507,0.0952942175000362,0.4343273359842,0.167230627057059,-0.0369950171851358,0.0452458916967085,-4.01518240264999,3.11173538822953,-10.5708303086813,1.69173883168506,2.75725633380162,0.595108157180957,1.57268369168908,0.276118110863292,9.42352506214846,1.63982156765797
PCAFETER,-5,fricatives,10,0.335506964848101,0.0832754602680722,0.25643471372805,0.0539568684185374,0.283569249344393,0.0719973999518986,0.39377310999692,0.138267028263689,-5.88359539264003,2.00858469348938,-6.47054865596856,2.9409670734422,-7.3159015341497,1.01861071380443,11.2132708009319,1.20705178575687,5.93459974136478,1.98206980365584,6.77953379982918,0.87230403806394
PCAFETER,-5,nasals_approximants,10,0.314236944102251,0.0780528981658282,0.315156850542481,0.0602532959561654,0.299274510018261,0.0719191961650502,0.325143584923768,0.109660234295241,-5.07447835994838,1.27353480309566,-9.12077373891597,3.33415343144527,-6.71087608364219,1.01146649614758,10.7823929384287,0.811051583686166,6.10077651561906,1.2269370733765,5.38660695133443,0.797753702820434
PCAFETER,-5,silence,10,0.268479796629364,0.0739867143867521,0.230784926888039,0.0489504210861976,0.257612762447304,0.0810351222686036,0.285917557196807,0.090650689504803,NaN,NaN,NaN,NaN,-7.33098443094393,1.25969826831012,NaN,NaN,NaN,NaN,NaN,NaN
PCAFETER,-5,stops_affricates,10,0.301892388818219,0.0773163051868768,0.269847944702308,0.0600018261463423,0.279527426901843,0.079966392301213,0.326485090800244,0.110702331049303,-6.27162649198116,1.14873022440558,-8.39910421195724,2.94635052045067,-7.17280253666256,1.21413073926518,10.898738652201,1.07181112419399,5.15924704441152,1.63472998597213,6.70798136108356,1.00517283201648
PCAFETER,-5,vowels,10,0.321746422691381,0.0866604378358767,0.310838827190658,0.0629727341847974,0.309761120847667,0.0885210148048385,0.333371477210914,0.11340073497666,-4.34046038245073,1.06925793191876,-8.32202236009417,3.42861305581602,-7.01846827353314,1.03371299078743,10.7794340090355,0.895774519994231,7.45189540586027,1.71856539456298,5.03930817042866,0.678115247283222
PCAFETER,0,fricatives,10,0.40257872367372,0.0951295278759339,0.320588098616962,0.0607888751766853,0.347253842468914,0.0847379098669299,0.464089487995252,0.155571884949155,-4.02337076029382,1.56123048918651,-5.25855905586767,2.87111817445811,-6.6299353355594,0.844433804411508,9.21124014294806,0.977935310060156,4.97056400865843,1.55573523259167,5.9672730845831,0.806446167322913
PCAFETER,0,nasals_approximants,10,0.367801185805571,0.0749768207275314,0.4009346517037,0.071505971136481,0.358164331743026,0.0739222819270073,0.366753643799867,0.105220972849538,-2.82724083823215,0.764785269517781,-7.54665363480307,2.87021836079825,-5.95613673228454,0.964263660709373,8.81325134638998,0.681707151553991,5.23665452312605,1.01751838945293,4.50740603316709,0.771778282823945
PCAFETER,0,silence,10,0.277185880150937,0.0741570311140801,0.242383817760859,0.046311902318104,0.265993817581651,0.0791982718156481,0.294147926686859,0.0953591030030551,NaN,NaN,NaN,NaN,-7.21602615301523,1.20898551688816,NaN,NaN,NaN,NaN,NaN,NaN
PCAFETER,0,stops_affricates,10,0.357300301995414,0.0879901974002998,0.339963994847274,0.064750938660488,0.341057828308949,0.0960085651090479,0.373688203566276,0.122777391628298,-4.12247950231932,0.700246242200795,-6.90049009217222,2.53577939814819,-6.49364288132363,1.12143364993914,9.00732936913549,0.984098530205313,4.46351201452163,1.36667285316935,5.88088772871582,0.946865903795825
PCAFETER,0,vowels,10,0.38395564016884,0.0888850524827965,0.39969512686737,0.0718815732918861,0.384193138800149,0.0977877401255751,0.379874528207921,0.115355013593309,-2.37559873525814,0.665039172353529,-6.64588311699469,2.90076163527742,-6.17032526867576,0.971525181668329,8.79467226255224,0.842376269623601,6.28672068338367,1.45740181718499,4.08828342834473,0.777804987953203
PCAFETER,5,fricatives,10,0.492344314070906,0.108020111676315,0.414613370902739,0.0668244922975327,0.443271277403229,0.104044728329934,0.548145877648256,0.167037974541289,-2.52538759475119,1.06672617749014,-4.07331414728747,2.56063341578176,-5.69829170007477,0.766798723442819,7.37235190455395,0.77615177994935,3.93538422933818,1.13103390658565,4.98416433462812,0.888234169927149
PCAFETER,5,nasals_approximants,10,0.449627298119501,0.0790252465599673,0.511181540496597,0.085861758109872,0.452897945300958,0.086891971479736,0.431924058697121,0.107238217015841,-1.43051978857631,0.488630759079958,-5.75843662288256,2.5144569128972,-5.02108700064689,0.944240669183222,6.89839001225064,0.626666010220808,4.16530586795933,0.736056827853995,3.73971552115501,0.739499291844848
PCAFETER,5,silence,10,0.292206775317468,0.0770292430825175,0.266084168984726,0.0490559653797085,0.28417904328731,0.0778114769259552,0.304660927856559,0.102587038478801,NaN,NaN,NaN,NaN,-6.97126537100164,1.12941555429914,NaN,NaN,NaN,NaN,NaN,NaN
PCAFETER,5,stops_affricates,10,0.439303469618376,0.10314980590222,0.44185739021879,0.0771015238886272,0.437891327434749,0.120458575359416,0.439720835435546,0.13665731822795,-2.47682585025005,0.437483270362723,-5.20854259741644,2.14651052668568,-5.59021015078965,1.09252952258363,7.24023827665993,0.845215287662509,3.60282649973012,1.04089889102624,4.90161499959217,0.958544610300262
PCAFETER,5,vowels,10,0.473363003052828,0.0938218085373691,0.512657012898193,0.0859087744046576,0.492520791871377,0.110808834081,0.449358692652576,0.119770470537229,-1.14357280885564,0.348828432930969,-4.81565985159835,2.47323135169169,-5.14969675652277,0.958454768322935,6.80342382878642,0.707836266247344,4.89753714041658,1.08974266916117,3.34304435292869,0.863261020318923
PCAFETER,10,fricatives,10,0.596714858373081,0.112488026834113,0.528787926095352,0.0748721521040263,0.564502973530678,0.112686102151294,0.637536585332445,0.163312604976672,-1.47380185470669,0.666045449702686,-2.9223172052828,2.04547537954475,-4.69801994656085,0.84455686739436,5.68454183191665,0.602605748311768,2.89396964488759,0.750434161057688,3.99392640453585,0.991912457531811
PCAFETER,10,nasals_approximants,10,0.553214853095851,0.0885663514207449,0.627730047522481,0.0961737151906464,0.575829740211947,0.101542264071802,0.517900780345484,0.117150975817549,-0.691252570103283,0.349340383205282,-3.9037794010402,1.98358475722122,-4.08075178803561,0.926699631426624,5.12324038354338,0.581244356389556,3.06192046943628,0.525954654849753,3.0698643295248,0.687407297069282
PCAFETER,10,silence,10,0.315777299512005,0.0840387415875796,0.304744690234644,0.0649553647989989,0.314633742245348,0.0835733699551516,0.319365090166846,0.109557398996416,NaN,NaN,NaN,NaN,-6.58928972345115,1.04019176203763,NaN,NaN,NaN,NaN,NaN,NaN
PCAFETER,10,stops_affricates,10,0.543437650133554,0.116474497197705,0.564028606183508,0.0901161014606263,0.563340999777239,0.141925860059521,0.523518020990977,0.146295254747072,-1.40976209328021,0.344946466135669,-3.61572294703645,1.87549228299696,-4.58219609153459,1.08129414312904,5.58724203510176,0.646798280756741,2.68689167870957,0.684716400835824,3.88692204175192,0.967970668402061
PCAFETER,10,vowels,10,0.582266713324647,0.0983483044281492,0.632731162844699,0.0944999176634168,0.622387350132946,0.115807521142704,0.539891182175512,0.126183583801797,-0.490399443599971,0.150204599833926,-3.09902634937991,1.8905751599979,-4.13339003813533,0.975839167856572,4.94818419254992,0.552974333353336,3.50316712377295,0.699425586621965,2.77062239073885,0.889333991889439
STRAFFIC,-5,fricatives,10,0.295466856352806,0.134387993483425,0.307019299055775,0.0819285366804195,0.227189735776717,0.112040373277235,0.343412014560631,0.180414196496272,-5.33325323739423,2.76669573357038,-9.95289087909797,7.02868445380897,-11.0862793507107,4.17954694943983,8.89906561438745,1.24015396661048,5.2759710834408,0.994518497405725,10.2407050080826,3.62996328396218
STRAFFIC,-5,nasals_approximants,10,0.281786599274736,0.111146813762829,0.37515748201222,0.107803098966462,0.252320961827981,0.102436609720413,0.280552746152945,0.124875469974843,-3.40551595723075,2.10995169771274,-12.7232086601459,5.76981929966134,-10.5256132778332,4.33941074729255,9.03713410721986,0.956163146216616,5.53670058489248,1.21332385665271,8.12523233316539,1.74323822690666
STRAFFIC,-5,silence,10,0.22110742838998,0.0757570949816842,0.189732113214944,0.0584031181112155,0.186435046738926,0.0559803997016266,0.254693154933407,0.0986403106167591,NaN,NaN,NaN,NaN,-11.4470833265943,4.12844898915631,NaN,NaN,NaN,NaN,NaN,NaN
STRAFFIC,-5,stops_affricates,10,0.261058359505965,0.104954802344532,0.314404459376373,0.0916286646227098,0.228200948656613,0.0871811755223217,0.272277245131428,0.132743802229315,-5.66296388387312,2.71114664853301,-12.0494258977492,6.1254840222335,-11.5892757250469,3.83132875812771,8.71703073181461,1.29861650575758,4.66636284142194,1.11836071654681,10.4867222514591,2.85922756366955
STRAFFIC,-5,vowels,10,0.286803603398123,0.107327113659536,0.379488758225405,0.101747204817217,0.261861813281001,0.0975508197025298,0.282373269264563,0.125504462830513,-2.68448850336934,1.17993021028895,-11.5374105465193,5.98249702832078,-10.7338073178611,4.07818120931685,9.19356121780381,0.865158296331991,6.92674351574456,1.49566846193998,7.92031791329214,1.67958807704603
STRAFFIC,0,fricatives,10,0.369710456884908,0.162951833791705,0.393877326108863,0.0962183010095464,0.297292911298053,0.14600611727365,0.417607701545153,0.216514562460843,-3.53431137132701,2.14753799913113,-8.20548758195219,7.0369666781757,-10.1829413783907,3.92136810727383,7.39893685610435,0.799079132035564,4.35778718085439,0.835920344288753,9.15028093362375,3.18318880368713
STRAFFIC,0,nasals_approximants,10,0.345534669115324,0.138589142145094,0.483366712454413,0.127801875448846,0.325376072638951,0.138905636457328,0.326345520858587,0.153221654542383,-1.83812959499946,1.1339530139055,-10.4673741441093,6.10918825843632,-9.45892404464056,3.9982038761185,7.35879378026978,0.671076974288007,4.58516252598052,1.25105370599664,7.09938463990998,1.60476640659334
STRAFFIC,0,silence,10,0.233524068199444,0.0873698016693483,0.211931123183246,0.0671438210609139,0.196096838872598,0.0618546219923988,0.266733279485454,0.115803260465919,NaN,NaN,NaN,NaN,-11.293038281949,4.10100282696654,NaN,NaN,NaN,NaN,NaN,NaN
STRAFFIC,0,stops_affricates,10,0.329859841270693,0.136455768448427,0.409910354589979,0.109620955839853,0.305446646389371,0.127845662954504,0.328170308576039,0.167786714436562,-3.62464582822264,1.72972344126097,-10.1378659705554,6.76040178053781,-10.4618967781777,3.58911447027617,7.31742802942841,0.967602889255688,3.93553648260509,1.06718305888838,9.16019603253084,2.46087782278843
STRAFFIC,0,vowels,10,0.361387599983549,0.134630962735096,0.485834798384769,0.118484607034006,0.350715951351594,0.131980172382321,0.338458669129507,0.156291126538987,-1.37038023697509,0.616197667602408,-9.21065954853175,6.19014443004436,-9.58468525214253,3.79351861428427,7.45023709753528,0.966057083866671,5.6552924654135,1.53867412770289,6.86896481761537,1.57373473153713
STRAFFIC,5,fricatives,10,0.462385460759147,0.184440473209675,0.497735905631606,0.105887081660167,0.40221194505193,0.174205401070422,0.498396648913986,0.24150936856537,-2.19658218128088,1.56229818272461,-6.08206553730377,5.83841403864425,-9.08472922904238,3.60589349037453,5.96475458746496,0.516379920095154,3.42077467910497,0.808655146270872,7.98339204685741,2.75513145976206
STRAFFIC,5,nasals_approximants,10,0.4327343398277,0.163456072463991,0.596402923037525,0.137498874312836,0.432581070750829,0.173032376704175,0.392248441910376,0.180826666054794,-0.981557703076166,0.655356351352025,-7.87280772773631,5.80378874510397,-8.31932645010948,3.54976494254594,5.69669563708069,0.618854777369979,3.56161169503733,1.2437495420544,6.19438910584573,1.60924152317953
STRAFFIC,5,silence,10,0.252076512240911,0.0998116965858025,0.24944781983747,0.080980639844591,0.216008527420975,0.073822682442965,0.279569882005437,0.131061686694103,NaN,NaN,NaN,NaN,-10.9882436333068,3.98068357210692,NaN,NaN,NaN,NaN,NaN,NaN
STRAFFIC,5,stops_affricates,10,0.421443843470142,0.168044044137654,0.522655673877762,0.121329135184831,0.415266046070409,0.170786036740477,0.400934463449448,0.202566156451059,-2.27053962954441,1.30534071488482,-7.98787287054278,6.5615089089333,-9.18301047432621,3.28733810831968,5.92888277277881,0.691954891428658,3.14652021759958,1.03856728442879,7.84951509326924,2.27516299458292
STRAFFIC,5,vowels,10,0.458656939493948,0.158025492033274,0.599224126362467,0.123127353171984,0.473048031819155,0.160640520910575,0.413077909703153,0.185957213618002,-0.661311125905901,0.324460665376923,-6.54930133408865,5.4542238242794,-8.35742391296733,3.3927534030105,5.67934021104466,1.02206692633514,4.28544310343278,1.48424004520052,6.00004996197591,1.58443855071828
STRAFFIC,10,fricatives,10,0.570795860460157,0.185948247101146,0.607403985212778,0.107654564018348,0.539396966881314,0.173655594170474,0.585081393727483,0.245608328685896,-1.29711927828944,1.08251867917923,-4.18230865948122,4.50282880093001,-7.9381238528183,3.27710954111953,4.6051572766181,0.423383526793474,2.53786748619165,0.763407021789776,6.83349886001837,2.4116208373181
STRAFFIC,10,nasals_approximants,10,0.539038295495226,0.178693626424443,0.696255737252417,0.128829701233938,0.563395936293724,0.188319190562287,0.481912003612391,0.204982708460559,-0.492952833262661,0.358162381899881,-5.0045524560029,4.44640418985423,-7.26743425024981,3.15479623856961,4.20512046540642,0.612065654002224,2.66649376491339,1.1257614112405,5.52153076257478,1.58521396180379
STRAFFIC,10,silence,10,0.280230024013294,0.114502754993491,0.303547226279885,0.103291487360405,0.250144652097801,0.0928261014575173,0.296835025806753,0.146917732937962,NaN,NaN,NaN,NaN,-10.5354363070461,3.94306762870604,NaN,NaN,NaN,NaN,NaN,NaN
STRAFFIC,10,stops_affricates,10,0.528350897871163,0.186781500623728,0.635586110189662,0.118133486948417,0.545224747297512,0.195191543821893,0.489192631676423,0.225918045054281,-1.35373130805505,0.914333576652786,-5.60883224670663,5.54811490054344,-7.95323538404423,3.09603460549633,4.58034286470095,0.539442414585472,2.4162300627976,0.983480849098351,6.61219686917678,2.20558724875935
STRAFFIC,10,vowels,10,0.570877159999246,0.168994180017712,0.703403665926561,0.112347614681451,0.613332184469821,0.166482966663475,0.506407931015917,0.208751395420584,-0.300111018814596,0.16245981294697,-4.00883546402082,4.0113180096428,-7.23819308533474,3.02889091390064,4.11139949970433,0.901700867017019,3.07166543132671,1.25866890680364,5.32043252621103,1.61634203121019
