SpeakerId,UtteranceId,Noise,SNRdB,Repeat,ActiveInputSNRdB,InputErrorSNRdB,OutputErrorSNRdB,DeltaErrorSNRdB,InputSTOI,OutputSTOI,ReconstructionError,DecompositionError
5338,5338-24640-0003,DKITCHEN,-5,1,-4.99999999999997,-6.69054778450497,1.12969330629463,7.8202410907996,0.852792241877891,0.859048522656294,2.16720542706258e-16,2.87933524736893e-16
5338,5338-24640-0003,DKITCHEN,0,1,1.92865493310657e-15,-1.69054778450497,6.05056648894739,7.74111427345236,0.907201797539327,0.907458406931338,2.22049789537202e-16,2.80156749289491e-16
5338,5338-24640-0003,DKITCHEN,5,1,4.99999999999998,3.30945221549503,10.9111914474921,7.60173923199707,0.94995164191836,0.947121218151941,2.30201937753808e-16,2.79879612446608e-16
5338,5338-24640-0003,DKITCHEN,10,1,9.99999999999996,8.30945221549503,15.6276097381598,7.31815752266474,0.977191920760435,0.976761488420367,2.34627785114669e-16,2.83676665480512e-16
5338,5338-24640-0003,DKITCHEN,-5,2,-5.00000000000005,-5.6925223393342,5.31578466872254,11.0083070080567,0.87727384537251,0.886824945947669,2.13676808339637e-16,2.78853392986507e-16
5338,5338-24640-0003,DKITCHEN,0,2,3.27871338628116e-14,-0.692522339334207,10.0871137449809,10.7796360843151,0.921708791800916,0.922810868791355,2.21328165830944e-16,2.7600762073428e-16
5338,5338-24640-0003,DKITCHEN,5,2,5.00000000000003,4.30747766066579,14.7042839266546,10.3968062659888,0.955220736228707,0.954902060511767,2.31707714474957e-16,2.74235229061738e-16
5338,5338-24640-0003,DKITCHEN,10,2,9.99999999999993,9.30747766066579,19.0294707699763,9.72199310931048,0.978625190288615,0.978656927316941,2.38106259724459e-16,2.79148636323066e-16
5338,5338-24640-0003,STRAFFIC,-5,1,-5.00000000000008,-5.86706681701078,3.65052178663566,9.51758860364644,0.663578283977635,0.688009379050438,2.31018109025453e-16,2.95925054579133e-16
5338,5338-24640-0003,STRAFFIC,0,1,5.59309930600903e-14,-0.867066817010782,8.05739619151808,8.92446300852887,0.755570327353718,0.778601951374426,2.33725981069469e-16,2.87707043391684e-16
5338,5338-24640-0003,STRAFFIC,5,1,5.00000000000003,4.13293318298922,12.3724424588786,8.23950927588938,0.833069223545008,0.849431399319389,2.37686401606233e-16,2.81335695580536e-16
5338,5338-24640-0003,STRAFFIC,10,1,9.99999999999983,9.13293318298921,16.5451852282267,7.41225204523752,0.88973388710317,0.89844150162734,2.39429145438637e-16,2.81950226005762e-16
5338,5338-24640-0003,STRAFFIC,-5,2,-5.00000000000003,-6.59259863755142,0.489852972870999,7.08245161042242,0.734651625372711,0.687069285064344,2.29786527953673e-16,2.65545771746185e-16
5338,5338-24640-0003,STRAFFIC,0,2,-1.88043855977891e-14,-1.59259863755142,5.11822597596107,6.71082461351249,0.80901909512063,0.775969120771615,2.31229487243759e-16,2.66244082523609e-16
5338,5338-24640-0003,STRAFFIC,5,2,4.99999999999996,3.40740136244858,9.77996687437757,6.372565511929,0.868419189711753,0.855932280268869,2.35927292562363e-16,2.67233819068262e-16
5338,5338-24640-0003,STRAFFIC,10,2,9.99999999999992,8.40740136244857,14.4377980876605,6.0303967252119,0.918800593246983,0.910622127965605,2.4061676895647e-16,2.74401438833603e-16
5338,5338-24640-0003,PCAFETER,-5,1,-4.99999999999997,-5.82002620277217,-0.554216417560482,5.26580978521169,0.592656755049508,0.595308083357387,2.3185050319928e-16,2.79995511920901e-16
5338,5338-24640-0003,PCAFETER,0,1,-5.68953205266443e-14,-0.820026202772173,3.96585838741602,4.78588459018819,0.693605340535002,0.715568286027489,2.34748409428009e-16,2.79477073653766e-16
5338,5338-24640-0003,PCAFETER,5,1,4.99999999999997,4.17997379722783,8.42882593557805,4.24885213835022,0.787398649915684,0.807829255844592,2.41317666594438e-16,2.76648617250091e-16
5338,5338-24640-0003,PCAFETER,10,1,9.99999999999985,9.17997379722783,12.8157980853914,3.63582428816356,0.863487072003428,0.874905891151535,2.40024500917552e-16,2.77882187474603e-16
5338,5338-24640-0003,PCAFETER,-5,2,-5.00000000000001,-6.20159422123024,-1.00913365809479,5.19246056313545,0.628696384831022,0.634210265844638,2.28837872976961e-16,2.80218035977092e-16
5338,5338-24640-0003,PCAFETER,0,2,-3.90552623954083e-14,-1.20159422123024,3.65724232345926,4.85883654468949,0.724572007218614,0.742013829843079,2.31398445856284e-16,2.797131573591e-16
5338,5338-24640-0003,PCAFETER,5,2,5.00000000000008,3.79840577876976,8.25206577917646,4.45366000040671,0.809624154399362,0.824414215615294,2.36217754148291e-16,2.7797254755924e-16
5338,5338-24640-0003,PCAFETER,10,2,10,8.79840577876976,12.7512075012815,3.9528017225117,0.875938222559956,0.883611247541426,2.39868452838349e-16,2.8205595177641e-16
251,251-136532-0005,DKITCHEN,-5,1,-4.99999999999998,-5.51638891225382,0.271155802065208,5.78754471431903,0.927357679581393,0.931031683754289,2.12064986886571e-16,2.57621750805576e-16
251,251-136532-0005,DKITCHEN,0,1,7.42532149246025e-14,-0.51638891225382,5.22755547159598,5.7439443838498,0.967860975412511,0.968503772880356,2.19404948171054e-16,2.62937755018244e-16
251,251-136532-0005,DKITCHEN,5,1,5.00000000000007,4.48361108774618,10.177221333836,5.69361024608982,0.987589383280265,0.987539146140363,2.26343490584983e-16,2.6592058588896e-16
251,251-136532-0005,DKITCHEN,10,1,10,9.48361108774618,15.1196744999249,5.63606341217868,0.996073029066184,0.996057024824775,2.28527897404482e-16,2.70376923706653e-16
251,251-136532-0005,DKITCHEN,-5,2,-4.99999999999994,-5.74213943928737,4.16742131269928,9.90956075198665,0.952597227420272,0.954535738857891,2.10031620637873e-16,2.64899199835163e-16
251,251-136532-0005,DKITCHEN,0,2,9.64327466553287e-16,-0.742139439287368,9.06228417595399,9.80442361524136,0.982580001962015,0.982158637474323,2.18643745390898e-16,2.65759285624231e-16
251,251-136532-0005,DKITCHEN,5,2,4.99999999999993,4.25786056071263,13.9499830376349,9.69212247692227,0.994332294369464,0.99400512089326,2.23095084795177e-16,2.67154561148681e-16
251,251-136532-0005,DKITCHEN,10,2,10,9.25786056071264,18.8277118167771,9.56985125606449,0.998181414212331,0.998130185273372,2.27880520991908e-16,2.68276735675127e-16
251,251-136532-0005,STRAFFIC,-5,1,-5.00000000000002,-6.03673299104758,2.73565102397185,8.77238401501943,0.745615244578576,0.766129293907728,2.30336765031613e-16,2.97446198039354e-16
251,251-136532-0005,STRAFFIC,0,1,9.25754367891146e-14,-1.03673299104758,6.92899433353352,7.9657273245811,0.854195880703501,0.865739101131636,2.29744171143202e-16,2.84503804817741e-16
251,251-136532-0005,STRAFFIC,5,1,4.99999999999995,3.96326700895241,11.2427308368745,7.27946382792211,0.925582164555997,0.927985258276628,2.30340045921698e-16,2.78907031404356e-16
251,251-136532-0005,STRAFFIC,10,1,10.0000000000001,8.96326700895242,15.6712872196776,6.70802021072516,0.966010254349377,0.966646516609823,2.32953433905442e-16,2.78822091498751e-16
251,251-136532-0005,STRAFFIC,-5,2,-5.00000000000006,-5.68660333840391,-1.21808041212509,4.46852292627883,0.787145558129549,0.76397201973745,2.29751726933649e-16,2.75120914752512e-16
251,251-136532-0005,STRAFFIC,0,2,-2.26616954640023e-14,-0.686603338403913,3.48695209338678,4.17355543179069,0.877458549085798,0.86516824950085,2.27305853993851e-16,2.68666216871449e-16
251,251-136532-0005,STRAFFIC,5,2,4.99999999999999,4.31339666159609,8.17862645121729,3.86522978962121,0.938517004460225,0.931648603210409,2.31297717523988e-16,2.67457875549948e-16
251,251-136532-0005,STRAFFIC,10,2,9.99999999999981,9.31339666159609,12.8858713034747,3.5724746418786,0.973267068632451,0.970412802928058,2.29108573744345e-16,2.72262603843215e-16
251,251-136532-0005,PCAFETER,-5,1,-5.00000000000015,-5.84756989697109,-0.312066455129214,5.53550344184187,0.703985733987315,0.672301048021046,2.27605712680547e-16,2.79171156002133e-16
251,251-136532-0005,PCAFETER,0,1,1.83222218645124e-14,-0.847569896971083,4.08508549544774,4.93265539241882,0.830012416059164,0.817137260268971,2.25952793823548e-16,2.72273498887763e-16
251,251-136532-0005,PCAFETER,5,1,4.99999999999998,4.15243010302892,8.49630919726998,4.34387909424106,0.915519796031818,0.907055208751136,2.29224379056493e-16,2.70878887854916e-16
251,251-136532-0005,PCAFETER,10,1,10,9.15243010302892,12.9228389431121,3.77040884008315,0.964300020169845,0.961038399876723,2.329002522588e-16,2.73542344811057e-16
251,251-136532-0005,PCAFETER,-5,2,-4.99999999999992,-5.80900270186351,0.065615490584543,5.87461819244806,0.654427189948543,0.586687822694035,2.30643222133791e-16,2.68815120483518e-16
251,251-136532-0005,PCAFETER,0,2,6.75029226587296e-14,-0.809002701863517,4.22005477096872,5.02905747283224,0.780560581526461,0.748835944624624,2.28685665556657e-16,2.58877765342981e-16
251,251-136532-0005,PCAFETER,5,2,5.0000000000001,4.19099729813648,8.46624093798869,4.27524363985221,0.878284824722487,0.86509188912752,2.32104462137561e-16,2.59009889403691e-16
251,251-136532-0005,PCAFETER,10,2,10,9.19099729813648,12.7564586265881,3.56546132845167,0.941754358395696,0.934768891984945,2.32194485603781e-16,2.62595764511888e-16
777,777-126732-0035,DKITCHEN,-5,1,-5.00000000000002,-5.23180476032891,-1.50179108802583,3.73001367230308,0.94879852523395,0.946283400526953,2.12832121945261e-16,2.58769119925565e-16
777,777-126732-0035,DKITCHEN,0,1,1.06076021320861e-14,-0.231804760328913,3.47303554372256,3.70484030405147,0.978369205780611,0.977636579688971,2.18582680531858e-16,2.71265724469645e-16
777,777-126732-0035,DKITCHEN,5,1,4.99999999999998,4.76819523967109,8.44735187055586,3.67915663088477,0.991746705713948,0.992421520356437,2.27453143955145e-16,2.75108390625139e-16
777,777-126732-0035,DKITCHEN,10,1,9.99999999999997,9.76819523967108,13.416914789513,3.64871954984194,0.996874824275257,0.997552622307837,2.32598403890413e-16,2.78648376183432e-16
777,777-126732-0035,DKITCHEN,-5,2,-5.00000000000004,-5.59995721631347,1.14370094894526,6.74365816525873,0.925406967692838,0.924979598964361,2.13343312644938e-16,2.57746952794159e-16
777,777-126732-0035,DKITCHEN,0,2,-2.1697367997449e-14,-0.599957216313467,6.07438050664319,6.67433772295666,0.965433654031548,0.964901436730597,2.21023413731431e-16,2.68557413465074e-16
777,777-126732-0035,DKITCHEN,5,2,4.99999999999989,4.40004278368654,11.000969997676,6.60092721398944,0.986812917025924,0.98679825624009,2.25390406965447e-16,2.70514813679305e-16
777,777-126732-0035,DKITCHEN,10,2,10,9.40004278368653,15.9177086809237,6.5176658972372,0.995538503362235,0.99573047816275,2.33660865433621e-16,2.75953113531142e-16
777,777-126732-0035,STRAFFIC,-5,1,-5.00000000000006,-5.67321997147579,1.03438082087828,6.70760079235407,0.767989782363404,0.780258584806891,2.30456164084854e-16,2.79521249210299e-16
777,777-126732-0035,STRAFFIC,0,1,1.92865493310657e-14,-0.673219971475794,5.49679525783652,6.17001522931232,0.869563543306551,0.875777020673048,2.29100343435118e-16,2.75396486352864e-16
777,777-126732-0035,STRAFFIC,5,1,4.99999999999999,4.32678002852421,9.97831189535183,5.65153186682762,0.936592913774211,0.938752277236887,2.34232836743119e-16,2.77053164053018e-16
777,777-126732-0035,STRAFFIC,10,1,10,9.32678002852421,14.4144608591002,5.08768083057598,0.973539175216406,0.974216440919979,2.36402855550016e-16,2.80979414982395e-16
777,777-126732-0035,STRAFFIC,-5,2,-4.99999999999999,-5.54370596861547,2.48184483132812,8.02555079994359,0.807044396304979,0.810551988794617,2.27070392448154e-16,3.02815510401598e-16
777,777-126732-0035,STRAFFIC,0,2,2.31438591972788e-14,-0.543705968615478,6.65168301811061,7.19538898672608,0.891185448173793,0.89421801462998,2.31956385368589e-16,2.93018221410512e-16
777,777-126732-0035,STRAFFIC,5,2,5,4.45629403138452,10.6768498671413,6.22055583575676,0.946333646843144,0.949265182630132,2.32532333054269e-16,2.87601565025853e-16
777,777-126732-0035,STRAFFIC,10,2,10,9.45629403138452,14.6910324795044,5.23473844811985,0.977289133533717,0.979354073229012,2.35336895870244e-16,2.83211450741888e-16
777,777-126732-0035,PCAFETER,-5,1,-5.00000000000001,-5.51534584954262,-0.835890010725613,4.67945583881701,0.61589089479043,0.524442313960693,2.30015543113495e-16,2.57988115675891e-16
777,777-126732-0035,PCAFETER,0,1,-3.27871338628119e-14,-0.515345849542617,3.24749887957217,3.76284472911478,0.74974997084461,0.6957808520569,2.30608485785878e-16,2.62600595272176e-16
777,777-126732-0035,PCAFETER,5,1,4.99999999999992,4.48465415045738,7.42231567342589,2.93766152296851,0.862280317872069,0.825973752851689,2.33536442884176e-16,2.67787404300902e-16
777,777-126732-0035,PCAFETER,10,1,10,9.48465415045738,11.8334273444256,2.34877319396825,0.938018250118623,0.922972136363542,2.36218370352185e-16,2.72199054310658e-16
777,777-126732-0035,PCAFETER,-5,2,-4.99999999999997,-5.70125974752583,-0.956465450736481,4.74479429678935,0.616847593500612,0.552180907633763,2.31052579557778e-16,2.57262228550058e-16
777,777-126732-0035,PCAFETER,0,2,3.08584789297051e-14,-0.701259747525831,3.22433628345649,3.92559603098232,0.753754593304794,0.708583049158428,2.32379912583044e-16,2.59462200917842e-16
777,777-126732-0035,PCAFETER,5,2,5.00000000000008,4.29874025247417,7.43752438534148,3.13878413286731,0.86785236708615,0.840678927625757,2.3354168461057e-16,2.60362644868532e-16
777,777-126732-0035,PCAFETER,10,2,10,9.29874025247417,11.8392312243037,2.54049097182957,0.940020629168255,0.929566429621451,2.34093445882766e-16,2.7099686805577e-16
2803,2803-154328-0011,DKITCHEN,-5,1,-4.99999999999998,-5.66813323694888,5.02120546589332,10.6893387028422,0.900340997850817,0.897861322801216,2.13945604420945e-16,2.66245313489483e-16
2803,2803-154328-0011,DKITCHEN,0,1,2.21795317307255e-14,-0.66813323694888,9.43256674450853,10.1006999814574,0.938384226007729,0.938579905070011,2.2100560081619e-16,2.6080511169945e-16
2803,2803-154328-0011,DKITCHEN,5,1,5,4.33186676305112,13.4396203916802,9.10775362862908,0.968171519456882,0.968434864930122,2.26114323255634e-16,2.59969593185178e-16
2803,2803-154328-0011,DKITCHEN,10,1,9.99999999999999,9.33186676305112,17.4429179605282,8.11105119747706,0.985913568980989,0.984929871196577,2.34380626140547e-16,2.61792904722193e-16
2803,2803-154328-0011,DKITCHEN,-5,2,-4.99999999999995,-5.54204814669988,-0.428853605957737,5.11319454074214,0.89953804710236,0.901231473599715,2.15154609069309e-16,2.49431179772638e-16
2803,2803-154328-0011,DKITCHEN,0,2,1.3500584531746e-14,-0.542048146699869,4.44655289892314,4.98860104562301,0.936800464337075,0.940749764631062,2.18659797097795e-16,2.50458489267069e-16
2803,2803-154328-0011,DKITCHEN,5,2,5,4.45795185330013,9.1739972155452,4.71604536224507,0.965632113115698,0.966416141924615,2.29409378338622e-16,2.57129933358199e-16
2803,2803-154328-0011,DKITCHEN,10,2,9.99999999999999,9.45795185330013,13.7078411886035,4.24988933530341,0.984181968322959,0.983962625431333,2.35001267623796e-16,2.63922444270346e-16
2803,2803-154328-0011,STRAFFIC,-5,1,-5.00000000000001,-5.29777716202359,-3.26848076231689,2.0292963997067,0.716307747803131,0.715622139508526,2.26608798829654e-16,2.63883855516081e-16
2803,2803-154328-0011,STRAFFIC,0,1,1.15719295986394e-14,-0.297777162023589,1.54728809050067,1.84506525252426,0.818669290421105,0.816337528857148,2.28815410377766e-16,2.6011160880523e-16
2803,2803-154328-0011,STRAFFIC,5,1,5.00000000000004,4.70222283797641,6.30120269967081,1.59897986169441,0.89987811031583,0.895779497596747,2.32978268828198e-16,2.63423822938013e-16
2803,2803-154328-0011,STRAFFIC,10,1,10,9.70222283797641,11.0134743035064,1.31125146553003,0.953910976509407,0.949900252969169,2.35556219935291e-16,2.6521857086284e-16
2803,2803-154328-0011,STRAFFIC,-5,2,-4.99999999999998,-5.89724204060429,0.102026549218319,5.99926858982261,0.651730886450796,0.655918607575209,2.29767853025072e-16,2.78588750581707e-16
2803,2803-154328-0011,STRAFFIC,0,2,2.12152042641723e-14,-0.897242040604298,4.48954543544573,5.38678747605003,0.769374835817028,0.770425862424341,2.32554086023195e-16,2.66202557522458e-16
2803,2803-154328-0011,STRAFFIC,5,2,4.99999999999995,4.1027579593957,8.77421723542777,4.67145927603207,0.867353863382006,0.861738778378209,2.33936082297028e-16,2.65637236750579e-16
2803,2803-154328-0011,STRAFFIC,10,2,10,9.1027579593957,12.9879636874433,3.88520572804765,0.932725848521627,0.927199142487807,2.35800745817661e-16,2.63295693211991e-16
2803,2803-154328-0011,PCAFETER,-5,1,-5.00000000000005,-6.07393952838975,-0.788023702530101,5.28591582585965,0.587214471173119,0.543197702319944,2.29115519957547e-16,2.74800708793937e-16
2803,2803-154328-0011,PCAFETER,0,1,-8.24499983903068e-14,-1.07393952838975,3.42197696617867,4.49591649456842,0.724681737534751,0.693855291791392,2.31360716726416e-16,2.69136109814055e-16
2803,2803-154328-0011,PCAFETER,5,1,5.00000000000003,3.92606047161025,7.59729614319264,3.67123567158239,0.841542957949499,0.814821140474592,2.31151762630496e-16,2.62977927694902e-16
2803,2803-154328-0011,PCAFETER,10,1,9.99999999999982,8.92606047161025,11.8354585611781,2.90939808956782,0.920711131971299,0.904563982542497,2.33975238110622e-16,2.66706905568059e-16
2803,2803-154328-0011,PCAFETER,-5,2,-5,-5.86204943206807,-1.22729263981207,4.63475679225601,0.578220843123966,0.553187508241393,2.27115400071941e-16,2.80945730327971e-16
2803,2803-154328-0011,PCAFETER,0,2,9.64327466553287e-16,-0.862049432068068,3.07941421626523,3.9414636483333,0.713896768755441,0.699756221692635,2.30483066957525e-16,2.73683897708253e-16
2803,2803-154328-0011,PCAFETER,5,2,4.99999999999996,4.13795056793194,7.42527623701812,3.28732566908618,0.826919008297706,0.815949754154825,2.32185457871863e-16,2.69428754451123e-16
2803,2803-154328-0011,PCAFETER,10,2,10,9.13795056793193,11.755951893753,2.6180013258211,0.906539305345455,0.900738288464585,2.37370411225155e-16,2.68495239181904e-16
2902,2902-9006-0010,DKITCHEN,-5,1,-4.99999999999998,-5.80027687748259,-0.224668328461068,5.57560854902152,0.892998011147329,0.913243810603027,2.11823298797275e-16,2.49300703936491e-16
2902,2902-9006-0010,DKITCHEN,0,1,-4.48412271947281e-14,-0.80027687748268,4.74288941356468,5.54316629104736,0.956410102623032,0.963186527693414,2.21545780519323e-16,2.62260988385229e-16
2902,2902-9006-0010,DKITCHEN,5,1,5.00000000000001,4.19972312251738,9.70311521351347,5.50339209099609,0.985965539047783,0.986855022061641,2.31621356758205e-16,2.65449777549946e-16
2902,2902-9006-0010,DKITCHEN,10,1,10,9.19972312251738,14.6561112580916,5.45638813557422,0.995712279551347,0.995700105808971,2.40131142658761e-16,2.73799932990857e-16
2902,2902-9006-0010,DKITCHEN,-5,2,-5.00000000000005,-5.81389257857581,-1.54995070234752,4.26394187622829,0.924117169083554,0.936953149416459,2.12147934405013e-16,2.53082130009919e-16
2902,2902-9006-0010,DKITCHEN,0,2,-5.97883029263042e-14,-0.813892578575808,3.43106687879546,4.24495945737126,0.971193287367716,0.975560934837378,2.21837280859501e-16,2.61960602600021e-16
2902,2902-9006-0010,DKITCHEN,5,2,4.99999999999994,4.18610742142421,8.40720388103739,4.22109645961318,0.990650116265102,0.991502146331458,2.26353632410727e-16,2.75873918227133e-16
2902,2902-9006-0010,DKITCHEN,10,2,10,9.18610742142427,13.3786491264971,4.19254170507284,0.997115316134483,0.997275768440548,2.37757986939222e-16,2.81973103482357e-16
2902,2902-9006-0010,STRAFFIC,-5,1,-5,-5.89919574464867,-0.825369987644837,5.07382575700383,0.583154106460257,0.594085903960685,2.31179799686329e-16,2.90287563006387e-16
2902,2902-9006-0010,STRAFFIC,0,1,-1.83222218645125e-14,-0.899195744648646,4.00827834563438,4.90747409028303,0.735951548516629,0.766658201515907,2.30922679368734e-16,2.93742905159266e-16
2902,2902-9006-0010,STRAFFIC,5,1,4.99999999999997,4.10080425535135,8.81097567624837,4.71017142089702,0.865558905163677,0.890985089654966,2.38207419941225e-16,2.88665248035677e-16
2902,2902-9006-0010,STRAFFIC,10,1,10,9.10080425535136,13.5852367161516,4.48443246080021,0.942454972219751,0.953599468899732,2.36561095208962e-16,2.88717355144186e-16
2902,2902-9006-0010,STRAFFIC,-5,2,-4.99999999999998,-5.98205439037903,0.445432076250991,6.42748646663003,0.637303366729138,0.618349246096917,2.2957541955441e-16,2.72041287333677e-16
2902,2902-9006-0010,STRAFFIC,0,2,4.62877183945575e-14,-0.982054390379035,5.11279256295347,6.0948469533325,0.758273227471276,0.747974480941743,2.30699776711882e-16,2.63569911984845e-16
2902,2902-9006-0010,STRAFFIC,5,2,4.99999999999981,4.01794560962093,9.67090108939427,5.65295547977334,0.86050227279426,0.853200451355409,2.37323771089421e-16,2.61187164099759e-16
2902,2902-9006-0010,STRAFFIC,10,2,9.99999999999999,9.0179456096209,14.1844321443423,5.16648653472139,0.932192920186807,0.931562174041766,2.34436305314983e-16,2.68411567083788e-16
2902,2902-9006-0010,PCAFETER,-5,1,-4.99999999999998,-5.90687243220844,0.417616248421955,6.3244886806304,0.440373750265893,0.42807178616515,2.31143092046014e-16,2.4271661111883e-16
2902,2902-9006-0010,PCAFETER,0,1,1.15719295986394e-14,-0.906872432208474,4.68907946294645,5.59595189515492,0.590312855956903,0.580445321294102,2.32045339738555e-16,2.47653775869654e-16
2902,2902-9006-0010,PCAFETER,5,1,5.00000000000005,4.09312756779161,8.84280484108345,4.74967727329184,0.744062986568816,0.735931992234524,2.38907850320285e-16,2.51256755192104e-16
2902,2902-9006-0010,PCAFETER,10,1,9.99999999999996,9.09312756779148,13.0874323941086,3.99430482631712,0.871131617808512,0.8750456821705,2.33671530948984e-16,2.58019453784824e-16
2902,2902-9006-0010,PCAFETER,-5,2,-4.99999999999996,-6.03108128147516,-1.85125177628901,4.17982950518615,0.441860211729343,0.414108905185732,2.30877078348101e-16,2.88706180867651e-16
2902,2902-9006-0010,PCAFETER,0,2,-6.07526303928575e-14,-1.03108128147508,2.77250463155598,3.80358591303106,0.588144774099251,0.572430169790015,2.33838116500846e-16,2.78569684364341e-16
2902,2902-9006-0010,PCAFETER,5,2,4.99999999999996,3.96891871852499,7.32928236921984,3.36036365069484,0.743676594471513,0.749916349926792,2.32949393213879e-16,2.76353174718493e-16
2902,2902-9006-0010,PCAFETER,10,2,10,8.96891871852496,11.86961794459,2.90069922606506,0.871693517977595,0.88355632491917,2.38826871073746e-16,2.78200179268942e-16
3853,3853-163249-0043,DKITCHEN,-5,1,-5.0000000000001,-5.5347022985488,2.52048099993359,8.05518329848239,0.864870691496105,0.900267518455242,2.22346387761781e-16,2.58054822955778e-16
3853,3853-163249-0043,DKITCHEN,0,1,1.25362570651927e-14,-0.534702298548799,7.47797696020245,8.01267925875125,0.931836050192981,0.950305876184723,2.38261547633425e-16,2.59326496813815e-16
3853,3853-163249-0043,DKITCHEN,5,1,5.00000000000001,4.4652977014512,12.4143683656221,7.94907066417093,0.97103487454101,0.978313654647082,2.38348338545619e-16,2.60818346140515e-16
3853,3853-163249-0043,DKITCHEN,10,1,9.99999999999999,9.4652977014512,17.3108398805499,7.84554217909874,0.989757000860662,0.991535055003127,2.37086860255535e-16,2.63155696449616e-16
3853,3853-163249-0043,DKITCHEN,-5,2,-5.00000000000007,-5.50141731413896,6.17501751453446,11.6764348286734,0.895458252852618,0.917470778458177,2.26278496438688e-16,2.79008921784128e-16
3853,3853-163249-0043,DKITCHEN,0,2,-8.19678346570295e-15,-0.501417314138961,11.0971381316185,11.5985554457574,0.946228359707239,0.95974131541521,2.44936881042057e-16,2.71991000609696e-16
3853,3853-163249-0043,DKITCHEN,5,2,5.00000000000001,4.49858268586104,15.9724266782403,11.4738439923793,0.975425845219775,0.98274836632871,2.70274329774267e-16,2.69235698933617e-16
3853,3853-163249-0043,DKITCHEN,10,2,9.99999999999999,9.49858268586104,20.756664433572,11.258081747711,0.991138530580963,0.993762771976944,2.42374318345468e-16,2.71565531231149e-16
3853,3853-163249-0043,STRAFFIC,-5,1,-4.99999999999999,-6.25916174482973,4.77226071478314,11.0314224596129,0.717735365127969,0.680645463192594,2.36521496963697e-16,2.3834787565948e-16
3853,3853-163249-0043,STRAFFIC,0,1,-4.33947359948981e-14,-1.25916174482973,7.84193228387664,9.10109402870638,0.814285661381882,0.756920103210769,2.44062174265422e-16,2.37838692791676e-16
3853,3853-163249-0043,STRAFFIC,5,1,5,3.74083825517027,11.4386400341278,7.69780177895755,0.888267992863108,0.847477994814157,2.42779434414294e-16,2.38392241543471e-16
3853,3853-163249-0043,STRAFFIC,10,1,10.0000000000001,8.74083825517027,16.2144244489659,7.47358619379565,0.936060259170515,0.924815247096344,2.42590842098192e-16,2.44272170244307e-16
3853,3853-163249-0043,STRAFFIC,-5,2,-4.99999999999989,-5.98393947218409,6.28464769323066,12.2685871654148,0.712355162061216,0.675575963060859,2.33129331911353e-16,2.35293846921056e-16
3853,3853-163249-0043,STRAFFIC,0,2,7.71461973242629e-15,-0.983939472184088,9.07090186468082,10.0548413368649,0.810749709113915,0.754137962995029,2.41802559780426e-16,2.40032608467907e-16
3853,3853-163249-0043,STRAFFIC,5,2,5.00000000000004,4.01606052781592,12.3838388967122,8.36777836889624,0.88660955250349,0.847217945614519,2.380650783028e-16,2.387338019525e-16
3853,3853-163249-0043,STRAFFIC,10,2,10.0000000000001,9.01606052781591,17.024042437211,8.00798190939513,0.934479833901979,0.927274924974751,2.43828113405469e-16,2.46880858914483e-16
3853,3853-163249-0043,PCAFETER,-5,1,-5.00000000000002,-5.61999472128235,-0.561713704133364,5.05828101714899,0.566377383933424,0.553631729787755,2.41142851035569e-16,2.92260096435775e-16
3853,3853-163249-0043,PCAFETER,0,1,7.90748522573688e-14,-0.619994721282362,4.10101146691614,4.7210061881985,0.694079136160738,0.699051883574192,2.44065787184624e-16,2.84365368312279e-16
3853,3853-163249-0043,PCAFETER,5,1,5.00000000000004,4.38000527871764,8.70197907714699,4.32197379842935,0.811015975805465,0.820868653293927,2.39919069010146e-16,2.78758092516244e-16
3853,3853-163249-0043,PCAFETER,10,1,10,9.38000527871765,13.2793859358902,3.8993806571726,0.895145836915491,0.906055857685877,2.40320811026653e-16,2.75676370988097e-16
3853,3853-163249-0043,PCAFETER,-5,2,-5.00000000000008,-5.57901988555141,1.8018635644433,7.38088344999471,0.551032914186355,0.489257819225997,2.35168287746656e-16,3.02524724145986e-16
3853,3853-163249-0043,PCAFETER,0,2,-9.64327466553287e-16,-0.579019885551411,5.66299809328943,6.24201797884084,0.67079622982454,0.645202258820024,2.4161368366548e-16,2.83628533090597e-16
3853,3853-163249-0043,PCAFETER,5,2,5.00000000000006,4.42098011444858,9.71798387723828,5.2970037627897,0.784115940194735,0.794512580832831,2.41356380581528e-16,2.73151817972464e-16
3853,3853-163249-0043,PCAFETER,10,2,10,9.42098011444859,13.9543778235318,4.53339770908324,0.875203819323342,0.89667469176675,2.42395815712548e-16,2.7174680193192e-16
1462,1462-170142-0031,DKITCHEN,-5,1,-5.00000000000003,-6.2119266508652,10.2178171723967,16.4297438232619,0.784196511692737,0.774011937997691,2.11447014293216e-16,2.76127832560635e-16
1462,1462-170142-0031,DKITCHEN,0,1,5.78596479931972e-15,-1.21192665086517,14.80387101848,16.0157976693452,0.867530371575982,0.861847039081774,2.13955521599508e-16,2.61368101942299e-16
1462,1462-170142-0031,DKITCHEN,5,1,5.00000000000002,3.78807334913484,19.2169292740859,15.428855924951,0.93339896823244,0.930418651546622,2.24589407056256e-16,2.59419039213293e-16
1462,1462-170142-0031,DKITCHEN,10,1,10.0000000000001,8.78807334913488,23.500369803331,14.7122964541961,0.972983272396295,0.971061512503246,2.27587712068324e-16,2.61016373857022e-16
1462,1462-170142-0031,DKITCHEN,-5,2,-5.00000000000005,-5.86086286238802,-1.31697431836131,4.54388854402671,0.890010948661619,0.895653451599603,2.13320186186836e-16,2.42443230054941e-16
1462,1462-170142-0031,DKITCHEN,0,2,-2.74833327967688e-14,-0.860862862387997,3.66219204686879,4.52305490925678,0.94679227502231,0.945976310193166,2.16728251147981e-16,2.47940219606779e-16
1462,1462-170142-0031,DKITCHEN,5,2,5.00000000000004,4.13913713761209,8.63000957821019,4.49087244059809,0.978489694956573,0.975697182884967,2.22912277072831e-16,2.61181658740767e-16
1462,1462-170142-0031,DKITCHEN,10,2,10,9.13913713761205,13.5845509559168,4.44541381830472,0.99309052366743,0.991581738818463,2.24915542333937e-16,2.70223506191429e-16
1462,1462-170142-0031,STRAFFIC,-5,1,-4.99999999999999,-6.20612560221902,3.83442254793243,10.0405481501515,0.601863639353849,0.6056561353301,2.29931104033146e-16,2.77071839123658e-16
1462,1462-170142-0031,STRAFFIC,0,1,-9.16111093225624e-15,-1.20612560221902,8.33319240253724,9.53931800475626,0.724634210985472,0.72886501395588,2.293888192491e-16,2.60466224031003e-16
1462,1462-170142-0031,STRAFFIC,5,1,5,3.79387439778095,12.7306387659005,8.93676436811951,0.830382894234371,0.830941655738335,2.29803102165178e-16,2.64104863311668e-16
1462,1462-170142-0031,STRAFFIC,10,1,10,8.79387439778096,17.0219524890695,8.22807809128854,0.903364974223123,0.902911309084042,2.27086654031642e-16,2.65991815349504e-16
1462,1462-170142-0031,STRAFFIC,-5,2,-5.00000000000004,-6.75066510374968,1.00705442411539,7.75771952786507,0.66361026477594,0.694158645193445,2.3120344941313e-16,2.66003481070546e-16
1462,1462-170142-0031,STRAFFIC,0,2,7.71461973242629e-15,-1.75066510374962,5.75643029566533,7.50709539941496,0.777503590681238,0.796013997611427,2.29976354435651e-16,2.62773551316638e-16
1462,1462-170142-0031,STRAFFIC,5,2,5.00000000000001,3.24933489625038,10.4439630038248,7.19462810757446,0.869511139452427,0.879816319418623,2.31892323148486e-16,2.61310077447235e-16
1462,1462-170142-0031,STRAFFIC,10,2,9.99999999999998,8.24933489625035,15.0514150317428,6.80208013549249,0.928376268165768,0.932557652046552,2.32316547388951e-16,2.6934570122906e-16
1462,1462-170142-0031,PCAFETER,-5,1,-5.00000000000009,-6.59625374236893,-1.08274247126886,5.51351127110006,0.496124692140414,0.484470134933157,2.30646715710004e-16,2.67112825092196e-16
1462,1462-170142-0031,PCAFETER,0,1,-1.46577774916102e-13,-1.59625374236918,3.46799460465955,5.06424834702873,0.625594818630412,0.609517930480957,2.29928322177432e-16,2.56033710101737e-16
1462,1462-170142-0031,PCAFETER,5,1,5.00000000000001,3.40374625763109,7.94134905096509,4.537602793334,0.755466965221342,0.74962955572745,2.30388632176826e-16,2.54421317418614e-16
1462,1462-170142-0031,PCAFETER,10,1,10,8.40374625763122,12.3313081928556,3.92756193522436,0.860619769274634,0.857938336182679,2.27412450993388e-16,2.57974593380127e-16
1462,1462-170142-0031,PCAFETER,-5,2,-5.00000000000007,-6.30007352676278,-1.38016905256996,4.91990447419282,0.52383357812444,0.456375630324852,2.28072357811386e-16,2.48661099048077e-16
1462,1462-170142-0031,PCAFETER,0,2,2.21795317307255e-14,-1.30007352676277,3.20038533742391,4.50045886418668,0.662838152853296,0.6146889770749,2.29015287980323e-16,2.48609514039918e-16
1462,1462-170142-0031,PCAFETER,5,2,5.00000000000002,3.69992647323723,7.76210419359288,4.06217772035565,0.789814709269682,0.758321703970178,2.288504133087e-16,2.47322637592619e-16
1462,1462-170142-0031,PCAFETER,10,2,10,8.69992647323727,12.3130607144642,3.61313424122692,0.879189061685391,0.860447950713085,2.31219548739004e-16,2.49769653945879e-16
3000,3000-15664-0003,DKITCHEN,-5,1,-4.99999999999991,-7.13690645430937,-1.71954223666406,5.41736421764531,0.817536242870286,0.810324737429665,2.08677791064429e-16,2.538370579792e-16
3000,3000-15664-0003,DKITCHEN,0,1,1.25362570651927e-14,-2.13690645430943,3.26539945060276,5.40230590491219,0.878280679675193,0.879674941928717,2.15336646553924e-16,2.5129582232435e-16
3000,3000-15664-0003,DKITCHEN,5,1,4.99999999999999,2.86309354569063,8.24160509981212,5.37851155412149,0.931293956267548,0.935368374186865,2.24469082983394e-16,2.5478416111613e-16
3000,3000-15664-0003,DKITCHEN,10,1,9.99999999999998,7.86309354569055,13.2020379423259,5.33894439663539,0.966686895347806,0.969801194359272,2.30104675210953e-16,2.5824689152331e-16
3000,3000-15664-0003,DKITCHEN,-5,2,-5,-7.20693682379877,-1.04801123323929,6.15892559055947,0.822043938877776,0.825818501514109,2.09295973082869e-16,2.40863792668366e-16
3000,3000-15664-0003,DKITCHEN,0,2,3.56801162624715e-14,-2.20693682379869,3.93214533190485,6.13908215570354,0.883979890625166,0.892355588906361,2.18502123413214e-16,2.4557175268692e-16
3000,3000-15664-0003,DKITCHEN,5,2,5.00000000000001,2.79306317620126,8.9024877492318,6.10942457303054,0.936723398942526,0.942323200614259,2.21084333412755e-16,2.48524153642304e-16
3000,3000-15664-0003,DKITCHEN,10,2,9.99999999999999,7.79306317620128,13.85328265756,6.06021948135871,0.969320393260468,0.972090810234994,2.23333228014788e-16,2.49888699773352e-16
3000,3000-15664-0003,STRAFFIC,-5,1,-5,-7.54624266075459,1.00496869752468,8.55121135827928,0.721808116145478,0.736525032042039,2.24983218905326e-16,2.60540335833673e-16
3000,3000-15664-0003,STRAFFIC,0,1,2.50725141303854e-14,-2.5462426607546,5.10017550941892,7.64641817017352,0.823065683027735,0.835005426088393,2.26479958174198e-16,2.54105301019133e-16
3000,3000-15664-0003,STRAFFIC,5,1,5.00000000000003,2.4537573392454,9.10247033579303,6.64871299654763,0.904417281368731,0.907449022898942,2.27546015442635e-16,2.5423121339357e-16
3000,3000-15664-0003,STRAFFIC,10,1,9.99999999999998,7.45375733924536,13.2942299417297,5.84047260248434,0.954829794668998,0.954639955350315,2.27839062083255e-16,2.61705223405274e-16
3000,3000-15664-0003,STRAFFIC,-5,2,-4.99999999999998,-7.58411440398831,-3.16565420810167,4.41846019588664,0.592769343027007,0.569547148968879,2.28191785077307e-16,2.7232780070367e-16
3000,3000-15664-0003,STRAFFIC,0,2,6.65385951921763e-14,-2.58411440398843,1.54703541470088,4.13114981868931,0.702073305858228,0.68589107153561,2.271856249602e-16,2.67826729159783e-16
3000,3000-15664-0003,STRAFFIC,5,2,4.99999999999999,2.41588559601168,6.19763332949028,3.78174773347861,0.800742747541244,0.790679780695514,2.29887477441211e-16,2.60519900941374e-16
3000,3000-15664-0003,STRAFFIC,10,2,10,7.41588559601164,10.8263971434827,3.41051154747108,0.879050427011003,0.869756017226217,2.31623779436597e-16,2.59893694264649e-16
3000,3000-15664-0003,PCAFETER,-5,1,-4.99999999999989,-6.9080322712749,-2.28941973040932,4.61861254086557,0.512334854062145,0.454530776103639,2.30291061194939e-16,2.65816367645403e-16
3000,3000-15664-0003,PCAFETER,0,1,2.12152042641723e-14,-1.90803227127515,2.26773055802971,4.17576282930486,0.631761591445974,0.598936693941039,2.31199303583207e-16,2.62141845303532e-16
3000,3000-15664-0003,PCAFETER,5,1,5.00000000000001,3.09196772872493,6.7913415442577,3.69937381553277,0.756055403744559,0.743015306353919,2.30364375606202e-16,2.58107451205035e-16
3000,3000-15664-0003,PCAFETER,10,1,10,8.09196772872487,11.3260993377347,3.23413160900986,0.858811241346357,0.852245222074496,2.30199835238909e-16,2.58053102271528e-16
3000,3000-15664-0003,PCAFETER,-5,2,-5,-7.35080039124777,-2.76281242678983,4.58798796445794,0.513154160578515,0.457720612315173,2.29647285723282e-16,2.67580662317378e-16
3000,3000-15664-0003,PCAFETER,0,2,8.00391797239221e-14,-2.3508003912478,1.82257833888496,4.17337873013277,0.638207838927699,0.595527740524304,2.31086952346225e-16,2.59656541070842e-16
3000,3000-15664-0003,PCAFETER,5,2,5.00000000000001,2.64919960875229,6.40057954464835,3.75137993589606,0.761483126253764,0.734426204635166,2.32614174470126e-16,2.50590922506071e-16
3000,3000-15664-0003,PCAFETER,10,2,9.99999999999995,7.64919960875218,10.974503639157,3.32530403040482,0.86461500401731,0.847817391949733,2.27977192003173e-16,2.53705393637831e-16
6241,6241-66616-0002,DKITCHEN,-5,1,-4.99999999999997,-6.10965394343758,-2.91815132652548,3.1915026169121,0.972075139779852,0.961535655064275,2.12935331296816e-16,2.45597687002151e-16
6241,6241-66616-0002,DKITCHEN,0,1,-1.06076021320862e-14,-1.10965394343761,2.06559630376702,3.17525024720463,0.99052773220628,0.981163649869311,2.18250459810311e-16,2.56415469467961e-16
6241,6241-66616-0002,DKITCHEN,5,1,5,3.89034605656241,7.01729076738053,3.12694471081812,0.996882822023747,0.991822582780701,2.27509240999416e-16,2.67125787356462e-16
6241,6241-66616-0002,DKITCHEN,10,1,9.99999999999998,8.89034605656236,11.8894649231516,2.99911886658925,0.998938371408308,0.997982244536626,2.29915023559229e-16,2.80745175873139e-16
6241,6241-66616-0002,DKITCHEN,-5,2,-5.00000000000001,-6.48689457967031,3.81825649643359,10.3051510761039,0.961386675799411,0.961259515522661,2.1186957054222e-16,2.70563894149677e-16
6241,6241-66616-0002,DKITCHEN,0,2,5.68953205266436e-14,-1.48689457967021,8.52327065045163,10.0101652301218,0.98601938928066,0.983411140326395,2.18548531376773e-16,2.74952251959932e-16
6241,6241-66616-0002,DKITCHEN,5,2,5.00000000000005,3.51310542032972,12.9305348098447,9.41742938951496,0.99545293668317,0.994165577240388,2.26486560969562e-16,2.68605834443922e-16
6241,6241-66616-0002,DKITCHEN,10,2,10,8.51310542032962,16.7237161103135,8.21061068998392,0.998594862188599,0.998340279040204,2.30524704147279e-16,2.78859568483803e-16
6241,6241-66616-0002,STRAFFIC,-5,1,-5,-6.33570524739551,2.98130447158796,9.31700971898347,0.753195415240707,0.774934209060125,2.28619753473139e-16,2.77722625936227e-16
6241,6241-66616-0002,STRAFFIC,0,1,0,-1.33570524739546,7.01437349485324,8.35007874224871,0.867776486348731,0.883748546100827,2.27553058005685e-16,2.66703642141523e-16
6241,6241-66616-0002,STRAFFIC,5,1,4.99999999999999,3.66429475260452,10.9217915066546,7.25749675405005,0.939108058523504,0.943004686403363,2.31171104839698e-16,2.65236281395591e-16
6241,6241-66616-0002,STRAFFIC,10,1,10,8.66429475260462,14.7233571704191,6.05906241781449,0.973767624172505,0.972886055209244,2.33785007540526e-16,2.7559097395503e-16
6241,6241-66616-0002,STRAFFIC,-5,2,-4.99999999999999,-6.46646162369977,4.38288416921926,10.849345792919,0.748577858096135,0.737831313629619,2.29552627254016e-16,2.4832094514406e-16
6241,6241-66616-0002,STRAFFIC,0,2,5.11093557273239e-14,-1.46646162369973,8.09245970318479,9.55892132688452,0.857110571572044,0.85070856438364,2.35257311869586e-16,2.51894062520723e-16
6241,6241-66616-0002,STRAFFIC,5,2,5,3.53353837630024,11.7288277948936,8.19528941859339,0.929480059980815,0.922475471406516,2.34993192432799e-16,2.58989173882735e-16
6241,6241-66616-0002,STRAFFIC,10,2,9.99999999999999,8.53353837630026,15.3432074764883,6.80966910018804,0.969339006208819,0.963611591512264,2.35352008755533e-16,2.70801308304606e-16
6241,6241-66616-0002,PCAFETER,-5,1,-5,-6.38476972201214,-1.40322102851188,4.98154869350026,0.664471738465977,0.621852383088095,2.29554720314395e-16,2.75525571929822e-16
6241,6241-66616-0002,PCAFETER,0,1,7.71461973242623e-14,-1.38476972201204,3.01437528832859,4.39914501034063,0.789837589221038,0.767346091623944,2.29817215450473e-16,2.69306124496641e-16
6241,6241-66616-0002,PCAFETER,5,1,4.99999999999999,3.6152302779878,7.37492280271976,3.75969252473196,0.89144488955925,0.885839876266251,2.32497428264467e-16,2.72012685654541e-16
6241,6241-66616-0002,PCAFETER,10,1,9.99999999999991,8.61523027798762,11.6667001366325,3.05146985864489,0.953629371237022,0.950418817742749,2.31201557176368e-16,2.72037981919477e-16
6241,6241-66616-0002,PCAFETER,-5,2,-5.00000000000006,-6.02141916400676,-1.42334602016447,4.59807314384229,0.683888345367831,0.65311014986375,2.27505861876608e-16,2.8979282374612e-16
6241,6241-66616-0002,PCAFETER,0,2,4.82163733276641e-14,-1.02141916400672,3.08849910145958,4.1099182654663,0.810152894554292,0.803448841353403,2.28540272177578e-16,2.87900461979749e-16
6241,6241-66616-0002,PCAFETER,5,2,4.99999999999999,3.97858083599323,7.52808935308984,3.54950851709661,0.903747013983803,0.901305149938786,2.3306314569855e-16,2.86340585161105e-16
6241,6241-66616-0002,PCAFETER,10,2,9.99999999999999,8.97858083599317,11.9009832016357,2.92240236564249,0.957384321561387,0.955541522882302,2.30534788391734e-16,2.85142734515203e-16
6345,6345-93302-0010,DKITCHEN,-5,1,-4.99999999999994,-5.56112744187134,1.97287974774547,7.53400718961681,0.896125459938188,0.914291894222514,2.11832347816456e-16,2.42665844264339e-16
6345,6345-93302-0010,DKITCHEN,0,1,5.59309930600903e-14,-0.561127441871281,6.93610887966679,7.49723632153807,0.944401869936594,0.950833673917388,2.23537442476312e-16,2.53031821625774e-16
6345,6345-93302-0010,DKITCHEN,5,1,4.99999999999994,4.43887255812858,11.8895887833215,7.45071622519291,0.972147672484207,0.973391426878291,2.31864207769024e-16,2.57953017571028e-16
6345,6345-93302-0010,DKITCHEN,10,1,9.99999999999998,9.43887255812857,16.828919826826,7.39004726869738,0.987614671083733,0.986450640779258,2.39929312930601e-16,2.65532458628793e-16
6345,6345-93302-0010,DKITCHEN,-5,2,-5.00000000000003,-5.47298399913921,1.30458874412084,6.77757274326005,0.9051330663077,0.916688250769408,2.14817533995462e-16,2.4750849695406e-16
6345,6345-93302-0010,DKITCHEN,0,2,4.14660810617911e-14,-0.47298399913914,6.27855176729406,6.7515357664332,0.950765584360803,0.95272100732097,2.26935269166251e-16,2.50175513151354e-16
6345,6345-93302-0010,DKITCHEN,5,2,4.99999999999997,4.52701600086078,11.2465746135964,6.71955861273562,0.975071184853845,0.975205632627696,2.34185315734787e-16,2.56617147553389e-16
6345,6345-93302-0010,DKITCHEN,10,2,10,9.52701600086082,16.2071181139245,6.68010211306368,0.988264938937504,0.987333790497433,2.39760072329147e-16,2.61104995228159e-16
6345,6345-93302-0010,STRAFFIC,-5,1,-5,-5.55278692502635,3.71969068878581,9.27247761381217,0.714889239150608,0.727670402400425,2.3205065492775e-16,2.52332775755304e-16
6345,6345-93302-0010,STRAFFIC,0,1,8.67894719897957e-15,-0.552786925026307,8.33986162116387,8.89264854619018,0.814276635680783,0.843078613085114,2.33143151576221e-16,2.54535172938549e-16
6345,6345-93302-0010,STRAFFIC,5,1,5.00000000000006,4.44721307497371,12.9368752473132,8.48966217233944,0.889373864432608,0.91778066358415,2.41595483178997e-16,2.64700733915151e-16
6345,6345-93302-0010,STRAFFIC,10,1,9.99999999999998,9.44721307497367,17.5189171425075,8.07170406753387,0.94273417649467,0.958502108461636,2.40082882619086e-16,2.64839190213116e-16
6345,6345-93302-0010,STRAFFIC,-5,2,-4.99999999999996,-5.50298106555759,4.46760025045269,9.97058131601027,0.644627639952867,0.679717213965212,2.30966845343534e-16,2.73041791908625e-16
6345,6345-93302-0010,STRAFFIC,0,2,-1.97687130643424e-14,-0.502981065557671,8.93716828877045,9.44014935432812,0.754379687986346,0.792144024187921,2.35482402897792e-16,2.64220574383979e-16
6345,6345-93302-0010,STRAFFIC,5,2,4.99999999999994,4.49701893444231,13.3760384652681,8.87901953082582,0.846038196893385,0.876585696207691,2.40862963214931e-16,2.63117975528825e-16
6345,6345-93302-0010,STRAFFIC,10,2,9.99999999999999,9.49701893444236,17.816548744855,8.31952981041266,0.914828388985075,0.935263303244802,2.41615115521331e-16,2.6653238128166e-16
6345,6345-93302-0010,PCAFETER,-5,1,-5.00000000000001,-5.55667564729618,1.93586363850615,7.49253928580233,0.602728847157165,0.552983768475641,2.298398681275e-16,2.56109609449603e-16
6345,6345-93302-0010,PCAFETER,0,1,1.92865493310657e-15,-0.55667564729617,6.11005112305777,6.66672677035394,0.706387886781021,0.686408152187016,2.33675731951846e-16,2.51074352856732e-16
6345,6345-93302-0010,PCAFETER,5,1,5.00000000000008,4.44332435270389,10.5151421757121,6.07181782300826,0.805253201389452,0.807912472138805,2.4183478012056e-16,2.58225059245914e-16
6345,6345-93302-0010,PCAFETER,10,1,9.99999999999993,9.44332435270374,15.0746352469628,5.63131089425907,0.881504823731978,0.897796592706183,2.38663256156006e-16,2.5695149776117e-16
6345,6345-93302-0010,PCAFETER,-5,2,-4.99999999999999,-5.46489661792793,-0.543003059380296,4.92189355854763,0.531696686594606,0.499581771005256,2.31879187092033e-16,2.79489720995588e-16
6345,6345-93302-0010,PCAFETER,0,2,4.53233909280043e-14,-0.464896617927932,4.1292011529649,4.59409777089283,0.650953819998946,0.652539146189857,2.38381003261092e-16,2.72171800247138e-16
6345,6345-93302-0010,PCAFETER,5,2,4.99999999999996,4.53510338207198,8.77479091557519,4.23968753350321,0.772433785371572,0.788230112673863,2.39561029941695e-16,2.69301373206076e-16
6345,6345-93302-0010,PCAFETER,10,2,10.0000000000001,9.53510338207201,13.3538573674893,3.81875398541727,0.869477973182738,0.886614288994361,2.41477801449095e-16,2.75410758357867e-16
