start_s,end_s,phone,class
0.000000,0.310000,[SIL],silence
0.310000,0.380000,HH,fricatives
0.380000,0.420000,IH,vowels
0.420000,0.470000,Z,fricatives
0.470000,0.520000,V,fricatives
0.520000,0.580000,IH,vowels
0.580000,0.640000,ZH,fricatives
0.640000,0.690000,AH,vowels
0.690000,0.750000,N,nasals_approximants
0.750000,0.800000,AH,vowels
0.800000,0.860000,V,fricatives
0.860000,1.000000,T,stops_affricates
1.000000,1.070000,R,nasals_approximants
1.070000,1.180000,UW,vowels
1.180000,1.260000,TH,fricatives
1.260000,1.360000,HH,fricatives
1.360000,1.410000,AE,vowels
1.410000,1.480000,D,stops_affricates
1.480000,1.530000,G,stops_affricates
1.530000,1.600000,R,nasals_approximants
1.600000,1.700000,OW,vowels
1.700000,1.770000,N,nasals_approximants
1.770000,1.920000,S,fricatives
1.920000,2.040000,OW,vowels
2.040000,2.070000,IH,vowels
2.070000,2.150000,N,nasals_approximants
2.150000,2.260000,T,stops_affricates
2.260000,2.380000,EH,vowels
2.380000,2.460000,N,nasals_approximants
2.460000,2.520000,S,fricatives
2.520000,2.560000,DH,fricatives
2.560000,2.590000,AH,vowels
2.590000,2.640000,T,stops_affricates
2.640000,2.670000,DH,fricatives
2.670000,2.740000,AH,vowels
2.740000,2.870000,S,fricatives
2.870000,2.990000,AW,vowels
2.990000,3.040000,N,nasals_approximants
3.040000,3.080000,D,stops_affricates
3.080000,3.130000,AH,vowels
3.130000,3.180000,V,fricatives
3.180000,3.230000,AH,vowels
3.230000,3.270000,S,fricatives
3.270000,3.380000,T,stops_affricates
3.380000,3.470000,R,nasals_approximants
3.470000,3.500000,EY,vowels
3.500000,3.550000,N,nasals_approximants
3.550000,3.600000,JH,stops_affricates
3.600000,3.680000,V,fricatives
3.680000,3.850000,OY,vowels
3.850000,3.930000,S,fricatives
3.930000,4.080000,F,fricatives
4.080000,4.150000,EY,vowels
4.150000,4.260000,L,nasals_approximants
4.260000,4.300000,D,stops_affricates
4.300000,4.360000,T,stops_affricates
4.360000,4.400000,UW,vowels
4.400000,4.480000,R,nasals_approximants
4.480000,4.530000,AW,vowels
4.530000,4.580000,T,stops_affricates
4.580000,4.640000,IH,vowels
4.640000,4.730000,T,stops_affricates
4.730000,4.770000,DH,fricatives
4.770000,4.830000,IH,vowels
4.830000,4.910000,S,fricatives
4.910000,5.010000,T,stops_affricates
5.010000,5.140000,AY,vowels
5.140000,5.260000,M,nasals_approximants
5.260000,5.570000,[SIL],silence
5.570000,5.585000,[SIL],silence
