utterance_id,speaker_id,duration_s,transcript,source
5338-24640-0003,5338,6.420,MISTER MORTON SEEMED PARTICULARLY STRUCK WITH THE ACCOUNT OF WAVERLEY'S VISIT TO DONALD BEAN LEAN,https://huggingface.co/datasets/changelinglab/librispeech-segment
251-136532-0005,251,5.755,THE DAILY NEWSCASTS FROM TERRA SHOWED A CORRESPONDING SHIFT IN INTEREST AT HOME,https://huggingface.co/datasets/changelinglab/librispeech-segment
777-126732-0035,777,5.585,HIS VISION OF TRUTH HAD GROWN SO INTENSE THAT THE SOUND OF A STRANGE VOICE FAILED TO ROUT IT THIS TIME,https://huggingface.co/datasets/changelinglab/librispeech-segment
2803-154328-0011,2803,6.595,THE JAILER MAY FORGET THAT HE IS ON GUARD THE PRISONER NEVER FORGETS THAT HE IS GUARDED,https://huggingface.co/datasets/changelinglab/librispeech-segment
2902-9006-0010,2902,4.170,THE MENS SANA MUST HAVE A CORPUS SANUM TO INHABIT,https://huggingface.co/datasets/changelinglab/librispeech-segment
3853-163249-0043,3853,5.660,NOTHING CAN PART US ANY MORE NOT EVEN DEATH FOR LOVE LIKE OURS WILL LAST FOR EVER,https://huggingface.co/datasets/changelinglab/librispeech-segment
1462-170142-0031,1462,4.825,SHE LISTENED INTENTLY BUT SHE HEARD NOTHING BUT THE CREAKING OF HIS CHAIR,https://huggingface.co/datasets/changelinglab/librispeech-segment
3000-15664-0003,3000,4.670,GO QUIETLY ALONE NO HARM WILL BEFALL YOU,https://huggingface.co/datasets/changelinglab/librispeech-segment
6241-66616-0002,6241,4.195,WHILE THE ATTACK WAS SUCCESSFUL IN A WAY ITS MAIN PURPOSE FAILED,https://huggingface.co/datasets/changelinglab/librispeech-segment
6345-93302-0010,6345,4.450,THE KEEN WIND THRUST ITSELF EVEN INSIDE THE HIGH COLLAR OF HER JACKET,https://huggingface.co/datasets/changelinglab/librispeech-segment
