utterance_id,speaker_id,audio_path,labels_path
5338-24640-0003,5338,speech/5338-24640-0003.flac,labels/5338-24640-0003.csv
251-136532-0005,251,speech/251-136532-0005.flac,labels/251-136532-0005.csv
777-126732-0035,777,speech/777-126732-0035.flac,labels/777-126732-0035.csv
2803-154328-0011,2803,speech/2803-154328-0011.flac,labels/2803-154328-0011.csv
2902-9006-0010,2902,speech/2902-9006-0010.flac,labels/2902-9006-0010.csv
3853-163249-0043,3853,speech/3853-163249-0043.flac,labels/3853-163249-0043.csv
1462-170142-0031,1462,speech/1462-170142-0031.flac,labels/1462-170142-0031.csv
3000-15664-0003,3000,speech/3000-15664-0003.flac,labels/3000-15664-0003.csv
6241-66616-0002,6241,speech/6241-66616-0002.flac,labels/6241-66616-0002.csv
6345-93302-0010,6345,speech/6345-93302-0010.flac,labels/6345-93302-0010.csv
